-- Sample Data for Pizza Mamma Mia
-- Realistic test data for the database

--DISCLAIMER: This was generated by LLM

-- =============================================
-- INGREDIENTS
-- =============================================
INSERT INTO Ingredient (name, cost, is_meat, is_animal_prod) VALUES
-- Base ingredients
('Tomato Sauce', 0.50, FALSE, FALSE),
('Mozzarella Cheese', 1.20, FALSE, TRUE),
('Olive Oil', 0.30, FALSE, FALSE),
('Dough', 0.40, FALSE, FALSE),

-- Vegetables
('Mushrooms', 0.80, FALSE, FALSE),
('Bell Peppers', 0.60, FALSE, FALSE),
('Onions', 0.40, FALSE, FALSE),
('Tomatoes', 0.50, FALSE, FALSE),
('Olives', 0.70, FALSE, FALSE),
('Spinach', 0.60, FALSE, FALSE),
('Arugula', 0.70, FALSE, FALSE),
('Basil', 0.40, FALSE, FALSE),
('Garlic', 0.30, FALSE, FALSE),
('Jalapeños', 0.60, FALSE, FALSE),
('Pineapple', 0.80, FALSE, FALSE),

-- Meats
('Pepperoni', 1.50, TRUE, TRUE),
('Italian Sausage', 1.40, TRUE, TRUE),
('Ham', 1.30, TRUE, TRUE),
('Bacon', 1.60, TRUE, TRUE),
('Chicken', 1.80, TRUE, TRUE),
('Beef', 2.00, TRUE, TRUE),
('Anchovies', 1.90, TRUE, TRUE),

-- Cheese varieties
('Parmesan', 1.50, FALSE, TRUE),
('Gorgonzola', 1.70, FALSE, TRUE),
('Ricotta', 1.30, FALSE, TRUE),
('Feta', 1.40, FALSE, TRUE);

-- =============================================
-- PIZZAS (10 pizzas)
-- =============================================
INSERT INTO Pizza (name, active) VALUES
('Margherita', TRUE),
('Pepperoni Classic', TRUE),
('Vegetarian Supreme', TRUE),
('Hawaiian', TRUE),
('BBQ Chicken', TRUE),
('Meat Lovers', TRUE),
('Four Cheese', TRUE),
('Mediterranean', TRUE),
('Spicy Diavola', TRUE),
('Mushroom Truffle', TRUE);

-- =============================================
-- PIZZA-INGREDIENT RELATIONSHIPS
-- =============================================

-- Margherita (pizza_id: 1)
INSERT INTO PizzaIngredient (pizza_id, ingredient_id, grams) VALUES
(1, 1, 100),  -- Tomato Sauce
(1, 2, 150),  -- Mozzarella
(1, 3, 10),   -- Olive Oil
(1, 4, 250),  -- Dough
(1, 12, 5);   -- Basil

-- Pepperoni Classic (pizza_id: 2)
INSERT INTO PizzaIngredient (pizza_id, ingredient_id, grams) VALUES
(2, 1, 100),  -- Tomato Sauce
(2, 2, 150),  -- Mozzarella
(2, 4, 250),  -- Dough
(2, 16, 80);  -- Pepperoni

-- Vegetarian Supreme (pizza_id: 3)
INSERT INTO PizzaIngredient (pizza_id, ingredient_id, grams) VALUES
(3, 1, 100),  -- Tomato Sauce
(3, 2, 150),  -- Mozzarella
(3, 4, 250),  -- Dough
(3, 5, 60),   -- Mushrooms
(3, 6, 50),   -- Bell Peppers
(3, 7, 40),   -- Onions
(3, 8, 50),   -- Tomatoes
(3, 9, 30);   -- Olives

-- Hawaiian (pizza_id: 4)
INSERT INTO PizzaIngredient (pizza_id, ingredient_id, grams) VALUES
(4, 1, 100),  -- Tomato Sauce
(4, 2, 150),  -- Mozzarella
(4, 4, 250),  -- Dough
(4, 18, 70),  -- Ham
(4, 15, 80);  -- Pineapple

-- BBQ Chicken (pizza_id: 5)
INSERT INTO PizzaIngredient (pizza_id, ingredient_id, grams) VALUES
(5, 2, 150),  -- Mozzarella
(5, 4, 250),  -- Dough
(5, 20, 100), -- Chicken
(5, 7, 40),   -- Onions
(5, 6, 40);   -- Bell Peppers

-- Meat Lovers (pizza_id: 6)
INSERT INTO PizzaIngredient (pizza_id, ingredient_id, grams) VALUES
(6, 1, 100),  -- Tomato Sauce
(6, 2, 150),  -- Mozzarella
(6, 4, 250),  -- Dough
(6, 16, 60),  -- Pepperoni
(6, 17, 60),  -- Italian Sausage
(6, 19, 60),  -- Bacon
(6, 21, 60);  -- Beef

-- Four Cheese (pizza_id: 7)
INSERT INTO PizzaIngredient (pizza_id, ingredient_id, grams) VALUES
(7, 1, 80),   -- Tomato Sauce
(7, 2, 100),  -- Mozzarella
(7, 4, 250),  -- Dough
(7, 23, 50),  -- Parmesan
(7, 24, 50),  -- Gorgonzola
(7, 25, 50);  -- Ricotta

-- Mediterranean (pizza_id: 8)
INSERT INTO PizzaIngredient (pizza_id, ingredient_id, grams) VALUES
(8, 1, 100),  -- Tomato Sauce
(8, 2, 120),  -- Mozzarella
(8, 4, 250),  -- Dough
(8, 9, 40),   -- Olives
(8, 26, 50),  -- Feta
(8, 8, 50),   -- Tomatoes
(8, 11, 30),  -- Arugula
(8, 22, 40);  -- Anchovies

-- Spicy Diavola (pizza_id: 9)
INSERT INTO PizzaIngredient (pizza_id, ingredient_id, grams) VALUES
(9, 1, 100),  -- Tomato Sauce
(9, 2, 150),  -- Mozzarella
(9, 4, 250),  -- Dough
(9, 16, 80),  -- Pepperoni
(9, 14, 50),  -- Jalapeños
(9, 13, 10);  -- Garlic

-- Mushroom Truffle (pizza_id: 10)
INSERT INTO PizzaIngredient (pizza_id, ingredient_id, grams) VALUES
(10, 2, 150), -- Mozzarella
(10, 4, 250), -- Dough
(10, 5, 120), -- Mushrooms
(10, 3, 15),  -- Olive Oil
(10, 23, 40), -- Parmesan
(10, 13, 10); -- Garlic

-- =============================================
-- CUSTOMERS (10 customers with different ages and postcodes)
-- =============================================
--just some basic place holder passwords for now
INSERT INTO Customer (first_name, last_name, email, password, birth_date, postcode, gender) VALUES
('John', 'Smith', 'john.smith@example.com', 'Password1!', '1990-10-21', '10001', 'M'),
('Emma', 'Johnson', 'emma.johnson@example.com', 'Password2!', '1985-08-22', '10002', 'F'),
('Michael', 'Williams', 'michael.williams@example.com', 'Password3!', '1978-03-10', '10003', 'M'),
('Sarah', 'Brown', 'sarah.brown@example.com', 'Password4!', '1995-11-30', '10001', 'F'),
('David', 'Jones', 'david.jones@example.com', 'Password5!', '1982-07-18', '10004', 'M'),
('Lisa', 'Garcia', 'lisa.garcia@example.com', 'Password6!', '1988-12-05', '10002', 'F'),
('Robert', 'Martinez', 'robert.martinez@example.com', 'Password7!', '1975-09-25', '10005', 'M'),
('Jennifer', 'Rodriguez', 'jennifer.rodriguez@example.com', 'Password8!', '1992-04-14', '10003', 'F'),
('William', 'Davis', 'william.davis@example.com', 'Password9!', '1980-06-20', '10001', 'M'),
('Maria', 'Lopez', 'maria.lopez@example.com', 'Password10!', '1998-01-08', '10004', 'F');

-- =============================================
-- DELIVERY PERSONNEL (3 delivery people)
-- =============================================
INSERT INTO DeliveryPerson (full_name, phone, postcode, last_delivery_at) VALUES
('Tony Soprano', '+1-555-0101', '10001', NULL),
('Maria Rossi', '+1-555-0102', '10002', NULL),
('Luigi Ferrari', '+1-555-0103', '10003', NULL),
('Maria Vettel', '+1-555-0104', '10004', NULL),
('Luigi Schumacher', '+1-555-0105', '10005', NULL);

-- =============================================
-- DISCOUNT CODES
-- =============================================
INSERT INTO DiscountCode (code, description, percent_off, amount_off, single_use) VALUES
('SAVE5', 'Save $5 on your order', NULL, 5.00, TRUE),
('LOYAL15', 'Loyalty reward - 15% off', 15.00, NULL, FALSE),
('FREEPIZZA', 'Free pizza voucher', NULL, 10.00, TRUE);


-- =============================================
-- PRODUCTS (drinks and snacks)
-- =============================================
-- ONSEN Coffee Collection (inspired by tom)
INSERT INTO Product (name, category, cost, is_alcohol) VALUES
-- ONSEN Specialty Coffees
('ONSEN Colombia Catura Chiroso', 'drink', 14.50, FALSE),
('ONSEN Costa Rica Villa Sarchi Tono', 'drink', 14.20, FALSE),
('ONSEN Ethiopia Guji Megadu', 'drink', 14.80, FALSE),
('ONSEN Guatamala El Naranjo', 'drink', 14.30, FALSE),


-- Soft Drinks
('Coca-Cola 330ml', 'drink', 1.20, FALSE),
('Sprite 330ml', 'drink', 1.20, FALSE),
('Fanta Orange 330ml', 'drink', 1.20, FALSE),
('Still Water 500ml', 'drink', 0.80, FALSE),


-- Beers
('Heineken 330ml', 'drink', 2.50, TRUE),
('Corona Extra 355ml', 'drink', 2.80, TRUE),

-- Snacks
('Garlic Bread (6 pieces)', 'snack', 2.50, FALSE),
('Bruschetta (4 pieces)', 'snack', 3.20, FALSE),
('Mozzarella Sticks (6 pieces)', 'snack', 3.50, FALSE),
('Cheesecake (slice)', 'snack', 4.00, FALSE);


-- =============================================
-- SAMPLE ORDERS (20 orders from past month)
-- =============================================

-- Order 1: John Smith (10001) - 30 days ago - 2 Margheritas, Coca-Cola - Delivered
INSERT INTO Orders (customer_id, postcode_snapshot, total_amount, status, order_time, delivered_at, delivery_person_id, discount_code, applied_discount) VALUES
(1, '10001', 18.40, 'delivered', DATE('now', '-30 days', '+14 hours'), DATE('now', '-30 days', '+15 hours'), 1, NULL, 0.00);

INSERT INTO OrderPizza (order_id, pizza_id, quantity, unit_price, name_snapshot) VALUES
(1, 1, 2, 8.50, 'Margherita');

INSERT INTO OrderProduct (order_id, product_id, quantity, unit_price, name_snapshot) VALUES
(1, 5, 1, 1.20, 'Coca-Cola 330ml');

-- Order 2: Emma Johnson (10002) - 28 days ago - Pepperoni, Water - Delivered with LOYAL15 discount
INSERT INTO Orders (customer_id, postcode_snapshot, total_amount, status, order_time, delivered_at, delivery_person_id, discount_code, applied_discount) VALUES
(2, '10002', 8.41, 'delivered', DATE('now', '-28 days', '+12 hours'), DATE('now', '-28 days', '+13 hours'), 2, 'LOYAL15', 1.49);

INSERT INTO OrderPizza (order_id, pizza_id, quantity, unit_price, name_snapshot) VALUES
(2, 2, 1, 8.70, 'Pepperoni Classic');

INSERT INTO OrderProduct (order_id, product_id, quantity, unit_price, name_snapshot) VALUES
(2, 8, 1, 0.80, 'Still Water 500ml');

INSERT INTO UsedDiscountCode (customer_id, code, order_id, used_at) VALUES
(2, 'LOYAL15', 2, DATE('now', '-28 days', '+12 hours'));

-- Order 3: Michael Williams (10003) - 27 days ago - Hawaiian, Sprite - Delivered
INSERT INTO Orders (customer_id, postcode_snapshot, total_amount, status, order_time, delivered_at, delivery_person_id, discount_code, applied_discount) VALUES
(3, '10003', 10.40, 'delivered', DATE('now', '-27 days', '+18 hours'), DATE('now', '-27 days', '+19 hours'), 3, NULL, 0.00);

INSERT INTO OrderPizza (order_id, pizza_id, quantity, unit_price, name_snapshot) VALUES
(3, 4, 1, 9.20, 'Hawaiian');

INSERT INTO OrderProduct (order_id, product_id, quantity, unit_price, name_snapshot) VALUES
(3, 6, 1, 1.20, 'Sprite 330ml');

-- Order 4: Sarah Brown (10001) - 25 days ago - 3 Vegetarian Supreme - Delivered
INSERT INTO Orders (customer_id, postcode_snapshot, total_amount, status, order_time, delivered_at, delivery_person_id, discount_code, applied_discount) VALUES
(4, '10001', 27.90, 'delivered', DATE('now', '-25 days', '+19 hours'), DATE('now', '-25 days', '+20 hours'), 1, NULL, 0.00);

INSERT INTO OrderPizza (order_id, pizza_id, quantity, unit_price, name_snapshot) VALUES
(4, 3, 3, 9.30, 'Vegetarian Supreme');

-- Order 5: David Jones (10004) - 24 days ago - BBQ Chicken, Garlic Bread, Heineken - Delivered
INSERT INTO Orders (customer_id, postcode_snapshot, total_amount, status, order_time, delivered_at, delivery_person_id, discount_code, applied_discount) VALUES
(5, '10004', 15.20, 'delivered', DATE('now', '-24 days', '+20 hours'), DATE('now', '-24 days', '+21 hours'), 4, NULL, 0.00);

INSERT INTO OrderPizza (order_id, pizza_id, quantity, unit_price, name_snapshot) VALUES
(5, 5, 1, 10.20, 'BBQ Chicken');

INSERT INTO OrderProduct (order_id, product_id, quantity, unit_price, name_snapshot) VALUES
(5, 11, 1, 2.50, 'Garlic Bread (6 pieces)'),
(5, 9, 1, 2.50, 'Heineken 330ml');

-- Order 6: Lisa Garcia (10002) - 22 days ago - Meat Lovers, 2 Corona - Delivered
INSERT INTO Orders (customer_id, postcode_snapshot, total_amount, status, order_time, delivered_at, delivery_person_id, discount_code, applied_discount) VALUES
(6, '10002', 17.90, 'delivered', DATE('now', '-22 days', '+21 hours'), DATE('now', '-22 days', '+22 hours'), 2, NULL, 0.00);

INSERT INTO OrderPizza (order_id, pizza_id, quantity, unit_price, name_snapshot) VALUES
(6, 6, 1, 12.30, 'Meat Lovers');

INSERT INTO OrderProduct (order_id, product_id, quantity, unit_price, name_snapshot) VALUES
(6, 10, 2, 2.80, 'Corona Extra 355ml');

-- Order 7: Robert Martinez (10005) - 20 days ago - Four Cheese, Mushroom Truffle - Delivered with SAVE5
INSERT INTO Orders (customer_id, postcode_snapshot, total_amount, status, order_time, delivered_at, delivery_person_id, discount_code, applied_discount) VALUES
(7, '10005', 17.60, 'delivered', DATE('now', '-20 days', '+13 hours'), DATE('now', '-20 days', '+14 hours'), 5, 'SAVE5', 5.00);

INSERT INTO OrderPizza (order_id, pizza_id, quantity, unit_price, name_snapshot) VALUES
(7, 7, 1, 11.30, 'Four Cheese'),
(7, 10, 1, 11.30, 'Mushroom Truffle');

INSERT INTO UsedDiscountCode (customer_id, code, order_id, used_at) VALUES
(7, 'SAVE5', 7, DATE('now', '-20 days', '+13 hours'));

-- Order 8: Jennifer Rodriguez (10003) - 18 days ago - Mediterranean, Water - Delivered
INSERT INTO Orders (customer_id, postcode_snapshot, total_amount, status, order_time, delivered_at, delivery_person_id, discount_code, applied_discount) VALUES
(8, '10003', 11.30, 'delivered', DATE('now', '-18 days', '+19 hours'), DATE('now', '-18 days', '+20 hours'), 3, NULL, 0.00);

INSERT INTO OrderPizza (order_id, pizza_id, quantity, unit_price, name_snapshot) VALUES
(8, 8, 1, 10.50, 'Mediterranean');

INSERT INTO OrderProduct (order_id, product_id, quantity, unit_price, name_snapshot) VALUES
(8, 8, 1, 0.80, 'Still Water 500ml');

-- Order 9: William Davis (10001) - 17 days ago - 2 Spicy Diavola, Fanta, Cheesecake - Delivered
INSERT INTO Orders (customer_id, postcode_snapshot, total_amount, status, order_time, delivered_at, delivery_person_id, discount_code, applied_discount) VALUES
(9, '10001', 24.10, 'delivered', DATE('now', '-17 days', '+20 hours'), DATE('now', '-17 days', '+21 hours'), 1, NULL, 0.00);

INSERT INTO OrderPizza (order_id, pizza_id, quantity, unit_price, name_snapshot) VALUES
(9, 9, 2, 9.50, 'Spicy Diavola');

INSERT INTO OrderProduct (order_id, product_id, quantity, unit_price, name_snapshot) VALUES
(9, 7, 1, 1.20, 'Fanta Orange 330ml'),
(9, 14, 1, 4.00, 'Cheesecake (slice)');

-- Order 10: Maria Lopez (10004) - 15 days ago - Margherita, Pepperoni, ONSEN Coffee - Delivered
INSERT INTO Orders (customer_id, postcode_snapshot, total_amount, status, order_time, delivered_at, delivery_person_id, discount_code, applied_discount) VALUES
(10, '10004', 31.70, 'delivered', DATE('now', '-15 days', '+12 hours'), DATE('now', '-15 days', '+13 hours'), 4, NULL, 0.00);

INSERT INTO OrderPizza (order_id, pizza_id, quantity, unit_price, name_snapshot) VALUES
(10, 1, 1, 8.50, 'Margherita'),
(10, 2, 1, 8.70, 'Pepperoni Classic');

INSERT INTO OrderProduct (order_id, product_id, quantity, unit_price, name_snapshot) VALUES
(10, 1, 1, 14.50, 'ONSEN Colombia Catura Chiroso');

-- Order 11: John Smith (10001) - 14 days ago - Hawaiian, Meat Lovers, 2 Heineken - Delivered
INSERT INTO Orders (customer_id, postcode_snapshot, total_amount, status, order_time, delivered_at, delivery_person_id, discount_code, applied_discount) VALUES
(1, '10001', 26.50, 'delivered', DATE('now', '-14 days', '+18 hours'), DATE('now', '-14 days', '+19 hours'), 1, NULL, 0.00);

INSERT INTO OrderPizza (order_id, pizza_id, quantity, unit_price, name_snapshot) VALUES
(11, 4, 1, 9.20, 'Hawaiian'),
(11, 6, 1, 12.30, 'Meat Lovers');

INSERT INTO OrderProduct (order_id, product_id, quantity, unit_price, name_snapshot) VALUES
(11, 9, 2, 2.50, 'Heineken 330ml');

-- Order 12: Emma Johnson (10002) - 12 days ago - 2 Vegetarian Supreme, Bruschetta - Delivered
INSERT INTO Orders (customer_id, postcode_snapshot, total_amount, status, order_time, delivered_at, delivery_person_id, discount_code, applied_discount) VALUES
(2, '10002', 21.80, 'delivered', DATE('now', '-12 days', '+19 hours'), DATE('now', '-12 days', '+20 hours'), 2, NULL, 0.00);

INSERT INTO OrderPizza (order_id, pizza_id, quantity, unit_price, name_snapshot) VALUES
(12, 3, 2, 9.30, 'Vegetarian Supreme');

INSERT INTO OrderProduct (order_id, product_id, quantity, unit_price, name_snapshot) VALUES
(12, 12, 1, 3.20, 'Bruschetta (4 pieces)');

-- Order 13: Michael Williams (10003) - 10 days ago - BBQ Chicken, Mozzarella Sticks, Coca-Cola - Delivered with LOYAL15
INSERT INTO Orders (customer_id, postcode_snapshot, total_amount, status, order_time, delivered_at, delivery_person_id, discount_code, applied_discount) VALUES
(3, '10003', 13.39, 'delivered', DATE('now', '-10 days', '+20 hours'), DATE('now', '-10 days', '+21 hours'), 3, 'LOYAL15', 2.36);

INSERT INTO OrderPizza (order_id, pizza_id, quantity, unit_price, name_snapshot) VALUES
(13, 5, 1, 10.20, 'BBQ Chicken');

INSERT INTO OrderProduct (order_id, product_id, quantity, unit_price, name_snapshot) VALUES
(13, 13, 1, 3.50, 'Mozzarella Sticks (6 pieces)'),
(13, 5, 1, 1.20, 'Coca-Cola 330ml');

-- Order 14: Sarah Brown (10001) - 8 days ago - Four Cheese, Sprite - Delivered
INSERT INTO Orders (customer_id, postcode_snapshot, total_amount, status, order_time, delivered_at, delivery_person_id, discount_code, applied_discount) VALUES
(4, '10001', 12.50, 'delivered', DATE('now', '-8 days', '+17 hours'), DATE('now', '-8 days', '+18 hours'), 1, NULL, 0.00);

INSERT INTO OrderPizza (order_id, pizza_id, quantity, unit_price, name_snapshot) VALUES
(14, 7, 1, 11.30, 'Four Cheese');

INSERT INTO OrderProduct (order_id, product_id, quantity, unit_price, name_snapshot) VALUES
(14, 6, 1, 1.20, 'Sprite 330ml');

-- Order 15: David Jones (10004) - 7 days ago - 2 Margherita, Mediterranean, 3 Corona - Delivered with FREEPIZZA
INSERT INTO Orders (customer_id, postcode_snapshot, total_amount, status, order_time, delivered_at, delivery_person_id, discount_code, applied_discount) VALUES
(5, '10004', 27.40, 'delivered', DATE('now', '-7 days', '+19 hours'), DATE('now', '-7 days', '+20 hours'), 4, 'FREEPIZZA', 10.00);

INSERT INTO OrderPizza (order_id, pizza_id, quantity, unit_price, name_snapshot) VALUES
(15, 1, 2, 8.50, 'Margherita'),
(15, 8, 1, 10.50, 'Mediterranean');

INSERT INTO OrderProduct (order_id, product_id, quantity, unit_price, name_snapshot) VALUES
(15, 10, 3, 2.80, 'Corona Extra 355ml');

INSERT INTO UsedDiscountCode (customer_id, code, order_id, used_at) VALUES
(5, 'FREEPIZZA', 15, DATE('now', '-7 days', '+19 hours'));

-- Order 16: Lisa Garcia (10002) - 5 days ago - Spicy Diavola, Garlic Bread, Water - Delivered
INSERT INTO Orders (customer_id, postcode_snapshot, total_amount, status, order_time, delivered_at, delivery_person_id, discount_code, applied_discount) VALUES
(6, '10002', 13.00, 'delivered', DATE('now', '-5 days', '+18 hours'), DATE('now', '-5 days', '+19 hours'), 2, NULL, 0.00);

INSERT INTO OrderPizza (order_id, pizza_id, quantity, unit_price, name_snapshot) VALUES
(16, 9, 1, 9.50, 'Spicy Diavola');

INSERT INTO OrderProduct (order_id, product_id, quantity, unit_price, name_snapshot) VALUES
(16, 11, 1, 2.50, 'Garlic Bread (6 pieces)'),
(16, 8, 1, 0.80, 'Still Water 500ml');

-- Order 17: Robert Martinez (10005) - 4 days ago - Pepperoni, Hawaiian, ONSEN Ethiopia - Delivered
INSERT INTO Orders (customer_id, postcode_snapshot, total_amount, status, order_time, delivered_at, delivery_person_id, discount_code, applied_discount) VALUES
(7, '10005', 32.40, 'delivered', DATE('now', '-4 days', '+14 hours'), DATE('now', '-4 days', '+15 hours'), 5, NULL, 0.00);

INSERT INTO OrderPizza (order_id, pizza_id, quantity, unit_price, name_snapshot) VALUES
(17, 2, 1, 8.70, 'Pepperoni Classic'),
(17, 4, 1, 9.20, 'Hawaiian');

INSERT INTO OrderProduct (order_id, product_id, quantity, unit_price, name_snapshot) VALUES
(17, 3, 1, 14.80, 'ONSEN Ethiopia Guji Megadu');

-- Order 18: Jennifer Rodriguez (10003) - 3 days ago - Mushroom Truffle, Fanta, Cheesecake - Delivered
INSERT INTO Orders (customer_id, postcode_snapshot, total_amount, status, order_time, delivered_at, delivery_person_id, discount_code, applied_discount) VALUES
(8, '10003', 16.50, 'delivered', DATE('now', '-3 days', '+18 hours'), DATE('now', '-3 days', '+19 hours'), 3, NULL, 0.00);

INSERT INTO OrderPizza (order_id, pizza_id, quantity, unit_price, name_snapshot) VALUES
(18, 10, 1, 11.30, 'Mushroom Truffle');

INSERT INTO OrderProduct (order_id, product_id, quantity, unit_price, name_snapshot) VALUES
(18, 7, 1, 1.20, 'Fanta Orange 330ml'),
(18, 14, 1, 4.00, 'Cheesecake (slice)');

-- Order 19: William Davis (10001) - 2 days ago - 3 Pepperoni, Coca-Cola - Delivered
INSERT INTO Orders (customer_id, postcode_snapshot, total_amount, status, order_time, delivered_at, delivery_person_id, discount_code, applied_discount) VALUES
(9, '10001', 27.30, 'delivered', DATE('now', '-2 days', '+12 hours'), DATE('now', '-2 days', '+13 hours'), 1, NULL, 0.00);

INSERT INTO OrderPizza (order_id, pizza_id, quantity, unit_price, name_snapshot) VALUES
(19, 2, 3, 8.70, 'Pepperoni Classic');

INSERT INTO OrderProduct (order_id, product_id, quantity, unit_price, name_snapshot) VALUES
(19, 5, 1, 1.20, 'Coca-Cola 330ml');

-- Order 20: Maria Lopez (10004) - 10 minutes ago - Meat Lovers, 2 Heineken, Bruschetta - Preparing
INSERT INTO Orders (customer_id, postcode_snapshot, total_amount, status, order_time, delivery_person_id, discount_code, applied_discount) VALUES
(10, '10004', 20.50, 'preparing', DATETIME('now', 'localtime', '-10 minutes'), 4, NULL, 0.00);

INSERT INTO OrderPizza (order_id, pizza_id, quantity, unit_price, name_snapshot) VALUES
(20, 6, 1, 12.30, 'Meat Lovers');

INSERT INTO OrderProduct (order_id, product_id, quantity, unit_price, name_snapshot) VALUES
(20, 9, 2, 2.50, 'Heineken 330ml'),
(20, 12, 1, 3.20, 'Bruschetta (4 pieces)');


